{"cameraMode":{"drawMode":0,"name":"Shaded","section":"Shading Mode"},"sceneLighting":false,"audioPlay":false,"sceneViewState":{"showFog":true,"showMaterialUpdate":false,"showSkybox":true,"showFlares":true,"showImageEffects":true,"showParticleSystems":true},"in2DMode":false,"pivot":{"x":-0.23311948776245118,"y":2.6599998474121095,"z":5.041590690612793},"rotation":{"x":-0.018781961873173715,"y":0.9064669013023377,"z":-0.4199120104312897,"w":-0.040545228868722919},"size":14.24766731262207,"orthographic":false}