{"cameraMode":{"drawMode":0,"name":"Shaded","section":"Shading Mode"},"sceneLighting":false,"audioPlay":false,"sceneViewState":{"showFog":true,"showMaterialUpdate":false,"showSkybox":true,"showFlares":true,"showImageEffects":true,"showParticleSystems":true},"in2DMode":false,"pivot":{"x":0.37992051243782046,"y":3.654615879058838,"z":3.9482240676879885},"rotation":{"x":-0.00380958360619843,"y":0.9275723695755005,"z":-0.3735097050666809,"w":-0.009460610337555409},"size":6.741660118103027,"orthographic":false}